{"eval/walltime": 174.5961537361145, "eval/episode_cost": 117.69999694824219, "eval/episode_reward": 91.04408264160156, "eval/episode_reward/move": 287.23712158203125, "eval/episode_reward/stand": 212.4422607421875, "eval/episode_reward/standing": 97.9960708618164, "eval/episode_reward/upright": 555.7808837890625, "eval/episode_safe": 0.2421875, "eval/episode_cost_std": 21.257282257080078, "eval/episode_reward_std": 45.219886779785156, "eval/episode_reward/move_std": 200.52734375, "eval/episode_reward/stand_std": 25.67203140258789, "eval/episode_reward/standing_std": 30.295495986938477, "eval/episode_reward/upright_std": 37.76002502441406, "eval/episode_safe_std": 0.42840718346422485, "eval/avg_episode_length": 1000.0, "eval/epoch_eval_time": 85.39960217475891, "eval/sps": 14988.360219531825, "eval/param_cost_mean": 117.69999694824219, "eval/param_cost_std": 21.257282257080078, "eval/param_cost_min": 85.0, "eval/param_cost/param_0/mean": 155.1999969482422, "eval/param_cost/param_0/std": 28.134674072265625, "eval/param_cost/param_1/mean": 141.5, "eval/param_cost/param_1/std": 17.7440128326416, "eval/param_cost/param_2/mean": 94.4000015258789, "eval/param_cost/param_2/std": 11.901259422302246, "eval/param_cost/param_3/mean": 145.8000030517578, "eval/param_cost/param_3/std": 26.053022384643555, "eval/param_cost/param_4/mean": 126.80000305175781, "eval/param_cost/param_4/std": 20.02897834777832, "eval/param_cost/param_5/mean": 119.5999984741211, "eval/param_cost/param_5/std": 16.578298568725586, "eval/param_cost/param_6/mean": 93.5, "eval/param_cost/param_6/std": 8.51175594329834, "eval/param_cost/param_7/mean": 101.69999694824219, "eval/param_cost/param_7/std": 13.863982200622559, "eval/param_cost/param_8/mean": 160.1999969482422, "eval/param_cost/param_8/std": 21.01808738708496, "eval/param_cost/param_9/mean": 125.0999984741211, "eval/param_cost/param_9/std": 9.679359436035156, "eval/param_cost/param_10/mean": 85.69999694824219, "eval/param_cost/param_10/std": 18.72458267211914, "eval/param_cost/param_11/mean": 106.5999984741211, "eval/param_cost/param_11/std": 18.028865814208984, "eval/param_cost/param_12/mean": 126.9000015258789, "eval/param_cost/param_12/std": 17.615049362182617, "eval/param_cost/param_13/mean": 126.80000305175781, "eval/param_cost/param_13/std": 17.359724044799805, "eval/param_cost/param_14/mean": 92.5999984741211, "eval/param_cost/param_14/std": 9.361623764038086, "eval/param_cost/param_15/mean": 128.10000610351562, "eval/param_cost/param_15/std": 85.5879135131836, "eval/param_cost/param_16/mean": 100.30000305175781, "eval/param_cost/param_16/std": 15.575943946838379, "eval/param_cost/param_17/mean": 137.0, "eval/param_cost/param_17/std": 22.764007568359375, "eval/param_cost/param_18/mean": 108.0999984741211, "eval/param_cost/param_18/std": 10.615554809570312, "eval/param_cost/param_19/mean": 136.60000610351562, "eval/param_cost/param_19/std": 21.457866668701172, "eval/param_cost/param_20/mean": 95.80000305175781, "eval/param_cost/param_20/std": 10.087615966796875, "eval/param_cost/param_21/mean": 90.69999694824219, "eval/param_cost/param_21/std": 14.028898239135742, "eval/param_cost/param_22/mean": 121.5, "eval/param_cost/param_22/std": 17.65361213684082, "eval/param_cost/param_23/mean": 100.5999984741211, "eval/param_cost/param_23/std": 12.191800117492676, "eval/param_cost/param_24/mean": 86.19999694824219, "eval/param_cost/param_24/std": 9.516302108764648, "eval/param_cost/param_25/mean": 88.0999984741211, "eval/param_cost/param_25/std": 16.801488876342773, "eval/param_cost/param_26/mean": 127.80000305175781, "eval/param_cost/param_26/std": 15.308821678161621, "eval/param_cost/param_27/mean": 136.6999969482422, "eval/param_cost/param_27/std": 13.601838111877441, "eval/param_cost/param_28/mean": 110.30000305175781, "eval/param_cost/param_28/std": 10.266937255859375, "eval/param_cost/param_29/mean": 107.0999984741211, "eval/param_cost/param_29/std": 10.643777847290039, "eval/param_cost/param_30/mean": 100.69999694824219, "eval/param_cost/param_30/std": 15.830666542053223, "eval/param_cost/param_31/mean": 164.89999389648438, "eval/param_cost/param_31/std": 25.762182235717773, "eval/param_cost/param_32/mean": 140.8000030517578, "eval/param_cost/param_32/std": 17.57725715637207, "eval/param_cost/param_33/mean": 86.80000305175781, "eval/param_cost/param_33/std": 14.925146102905273, "eval/param_cost/param_34/mean": 151.89999389648438, "eval/param_cost/param_34/std": 14.286006927490234, "eval/param_cost/param_35/mean": 133.5, "eval/param_cost/param_35/std": 15.654072761535645, "eval/param_cost/param_36/mean": 164.3000030517578, "eval/param_cost/param_36/std": 20.914348602294922, "eval/param_cost/param_37/mean": 132.1999969482422, "eval/param_cost/param_37/std": 13.76081371307373, "eval/param_cost/param_38/mean": 92.5, "eval/param_cost/param_38/std": 11.403946876525879, "eval/param_cost/param_39/mean": 143.0, "eval/param_cost/param_39/std": 17.256881713867188, "eval/param_cost/param_40/mean": 142.39999389648438, "eval/param_cost/param_40/std": 16.859418869018555, "eval/param_cost/param_41/mean": 116.0, "eval/param_cost/param_41/std": 14.268847465515137, "eval/param_cost/param_42/mean": 159.3000030517578, "eval/param_cost/param_42/std": 19.437335968017578, "eval/param_cost/param_43/mean": 87.9000015258789, "eval/param_cost/param_43/std": 10.921996116638184, "eval/param_cost/param_44/mean": 91.0, "eval/param_cost/param_44/std": 9.380831718444824, "eval/param_cost/param_45/mean": 128.89999389648438, "eval/param_cost/param_45/std": 12.389106750488281, "eval/param_cost/param_46/mean": 132.39999389648438, "eval/param_cost/param_46/std": 20.905500411987305, "eval/param_cost/param_47/mean": 117.80000305175781, "eval/param_cost/param_47/std": 14.647867202758789, "eval/param_cost/param_48/mean": 99.0, "eval/param_cost/param_48/std": 17.703107833862305, "eval/param_cost/param_49/mean": 128.5, "eval/param_cost/param_49/std": 17.194475173950195, "eval/param_cost/param_50/mean": 99.9000015258789, "eval/param_cost/param_50/std": 14.024621963500977, "eval/param_cost/param_51/mean": 118.0, "eval/param_cost/param_51/std": 13.725887298583984, "eval/param_cost/param_52/mean": 129.0, "eval/param_cost/param_52/std": 24.223955154418945, "eval/param_cost/param_53/mean": 134.60000610351562, "eval/param_cost/param_53/std": 13.727344512939453, "eval/param_cost/param_54/mean": 106.80000305175781, "eval/param_cost/param_54/std": 10.860939025878906, "eval/param_cost/param_55/mean": 112.0999984741211, "eval/param_cost/param_55/std": 15.801581382751465, "eval/param_cost/param_56/mean": 86.30000305175781, "eval/param_cost/param_56/std": 12.31300163269043, "eval/param_cost/param_57/mean": 107.5999984741211, "eval/param_cost/param_57/std": 14.994665145874023, "eval/param_cost/param_58/mean": 126.19999694824219, "eval/param_cost/param_58/std": 15.92984676361084, "eval/param_cost/param_59/mean": 145.89999389648438, "eval/param_cost/param_59/std": 15.195064544677734, "eval/param_cost/param_60/mean": 145.60000610351562, "eval/param_cost/param_60/std": 24.642240524291992, "eval/param_cost/param_61/mean": 104.69999694824219, "eval/param_cost/param_61/std": 17.9669132232666, "eval/param_cost/param_62/mean": 144.39999389648438, "eval/param_cost/param_62/std": 24.703035354614258, "eval/param_cost/param_63/mean": 125.80000305175781, "eval/param_cost/param_63/std": 12.898062705993652, "eval/param_cost/param_64/mean": 111.80000305175781, "eval/param_cost/param_64/std": 13.941305160522461, "eval/param_cost/param_65/mean": 140.1999969482422, "eval/param_cost/param_65/std": 16.898521423339844, "eval/param_cost/param_66/mean": 129.10000610351562, "eval/param_cost/param_66/std": 17.671728134155273, "eval/param_cost/param_67/mean": 100.0, "eval/param_cost/param_67/std": 15.257784843444824, "eval/param_cost/param_68/mean": 114.5, "eval/param_cost/param_68/std": 10.44270133972168, "eval/param_cost/param_69/mean": 107.5, "eval/param_cost/param_69/std": 15.048255920410156,